{
  "model_name": "RandomForest",
  "accuracy": 0.9988413328183702,
  "roc_auc": 0.9824357148599451,
  "baseline_accuracy": 0.89,
  "improvement_percentage": 12.22936323801912,
  "n_features": 38,
  "training_samples": 454902,
  "test_samples": 56962,
  "training_date": "2026-02-02T01:09:58.326684",
  "confusion_matrix": [
    [
      56814,
      50
    ],
    [
      16,
      82
    ]
  ],
  "classification_report": {
    "0": {
      "precision": 0.9997184585606194,
      "recall": 0.9991207090602139,
      "f1-score": 0.9994194944324238,
      "support": 56864.0
    },
    "1": {
      "precision": 0.6212121212121212,
      "recall": 0.8367346938775511,
      "f1-score": 0.7130434782608696,
      "support": 98.0
    },
    "accuracy": 0.9988413328183702,
    "macro avg": {
      "precision": 0.8104652898863702,
      "recall": 0.9179277014688825,
      "f1-score": 0.8562314863466467,
      "support": 56962.0
    },
    "weighted avg": {
      "precision": 0.9990672591459191,
      "recall": 0.9988413328183702,
      "f1-score": 0.9989268001874041,
      "support": 56962.0
    }
  }
}